Razão Social,Nome Fantasia,CNPJ,Endereço,Número,Complemento,Bairro,Cidade,Estado,Cluster
0,28117 - ALLIED - TAMBORÉ,,0,,,,0,0,Cluster C
ALLIED,ALLIED SAMSUNG MORUMBI,,"AV ROQUE PETRONI JUNIOR, 1089 - LOJA USO COMERCIAL N 16 LL - CEP: 04707-900 - BROOKLIN - SAO PAULO (SP)",,,,SÃO PAULO,SP,Cluster A
RASTRECALL,AMÉRICAS SHOPPING,,"AV DAS AMÉRICAS, N15.500, RECREIO DOS BANDEIRANTES, RIO DE JANEIRO/RJ (KIOSK 2A – L1) CEP:22790-702",,,,RIO DE JANEIRO,RJ,Cluster C
INFO STORE COMPUTADORES DA AMAZÔNIA,AMZ SHOPPING,,"AV. DJALMA BATISTA, 482 - PARQUE DEZ DE NOVEMBRO,",,,,MANAUS,AM,Cluster B
MASTERCELL,ATLANTICO SHOPPING,,"AV. BRASIL, 1271 - CENTRO, BALNEÁRIO CAMBORIÚ - SC, 88330-900",,,,BALNEARIO CAMBORIU,SC,Cluster C
MASTERCELL,BALNEARIO CAMBORIU SHOPPING,,"AV. SANTA CATARINA, 01 SALA 01 L150 BAIRRO DOS ESTADOS CEP 88.339-005 BALNEÁRIO CAMBURIU",,,,BALNEARIO CAMBORIU,SC,Cluster B
PROSPERUS,BARRA SHOPPING,,"AV DAS AMÉRICAS 4666 LOJA 108/114 H, BARRA DA TIJUCA RIO DE JANEIRO- RJ CEP: 22640-902",,,,RIO DE JANEIRO,RJ,Cluster A
MULTISOM,BARRA SHOPPING SUL,,"AV. DIÁRIO DE NOTÍCIAS, 300, LUC 1042, PISO JOQUEI - CRISTAL, PORTO ALEGRE - RS, 90810-080",,,,PORTO ALEGRE,RS,Cluster B
ALLIED,BAURU SHOPPING,,"R HENRIQUE SAVI, 55 -QUADRA 15- ANDAR: 1; QUIOSQ: QUN17; QUADRA: 15;",,,,BAURU,SP,Cluster B
MARTINELLO,BH SHOPPING,,"ROD BR-356, 3049 LOJA: N BH - 71/72",,,,BELO HORIZONTE,MG,Cluster C
ALLIED,BOTAFOGO PRAIA SHOP,,"PRAIA DE BOTAFOGO, Nº 400 Q19 - CEP: 22250-040 - BOTAFOGO - RIO DE JANEIRO - RJ",,,,RIO DE JANEIRO,RJ,Cluster B
INFO STORE COMPUTADORES DA AMAZÔNIA,BOULEVAR,,"AV. VISC. DE SOUZA FRANCO, 776 - REDUTO",,,,BELÉM,PA,Cluster B
MRF,BOULEVARD BRASILIA,,"ST TERMINAL NORTE CONJUNTO J, S/N, QUIOSQUE QT23 CEP: 70770-100, ASA NORTE, BRASILIA- DF",,,,BRASÍLIA,DF,Cluster C
JUFAP,BOULEVARD LONDRINA,,"AV. THEODORO VICTORELLI, 150 - CARLOTA",,,,LONDRINA,PR,Cluster C
RASTRECALL,BOULEVARD RIO,,"RUA BARÃO DE SÃO FRANCISCO, 236 QUIOSQUE 103 – VILA ISABEL – CEP 20560-030",,,,RIO DE JANEIRO,RJ,Cluster C
B&F TELECOMUNICACOES,BOULEVARD SÃO GONÇALO,,"AVN PRESIDENTE KENNEDY,425 SALA COMERCIAL 155 PISO L1",,,,SÃO GONÇALO,RJ,Cluster C
MARTINELLO,BOULEVARD SHOPPING,,"AV. VISC. DE SOUZA FRANCO, 776 - REDUTO",,,,RECIFE,PE,Cluster B
MARTINELLO,BOULEVARD SHOPPING BH,,"AV. DOS ANDRADAS, 3000 BOULEVARD SHOPPING LOJA 2003 2ºPISO BAIRRO SANTA EFIGENIA CEP 30260-070",,,,BELO HORIZONTE,MG,Cluster B
B&F TELECOMUNICACOES,BOULEVARD SHOPPING CAMPOS,,"AV DOUTOR SILVIO BASTOS TAVARES, 330 LOJA 104 I/J BOULEVARD SHOPPING CAMPOS",,,,CAMPOS DOS GOITACAZES,RJ,Cluster B
PROSPERUS,BOULEVARD SHOPPING FEIRA DE SANTANA,,"AV. JOÃO DURVAL CARNEIRO, 3655 - CASEB, FEIRA DE SANTANA - BA, 44052-064",,,,FEIRA DE SANTANA,BA,Cluster C
ALLIED,BOULEVARD SHOPPING NAÇÕES BAURU,,"RUA GENERAL MARCONDES SALGADO, 11-39 LOJAS 162 E 163 BAURU SÃO PAULO CEP 17013-113",,,,BAURU,SP,Cluster B
PROSPERUS,BOULEVARD SHOPPING VILA VELHA,,R. LUCIANO DAS NEVES 2418 - QUIOSQUE 1009 PISO 01,,,,VILA VELHA,ES,Cluster B
CHIPCRED,BOURBON,,"R. PALESTRA ITÁLIA, 500 - VILA POMPEIA",,,,SÃO PAULO,SP,Cluster C
MULTISOM,BOURBON CENTER LAR,,AV. SERTORIO 8000 - LOJA 132 À 134 - BAIRRO SARANDI - PORTO ALEGRE RS,,,,PORTO ALEGRE,RS,Cluster C
MULTISOM,BOURBON NOVO HAMBURGO,,"AV NACOES UNIDAS NÚMERO 2001, LOJA 1062 CEP 93320-021",,,,NOVO HAMBURGO,RS,Cluster A
MULTISOM,BOURBON SÃO LEOPOLDO,,R PRIMEIRO DE MARÇO Nº 821 LOJA 289 LOJA 290 CEP 93010-210,,,,SÃO LEOPOLDO,RS,Cluster C
MULTISOM,BOURBON SHOPPING IPIRANGA,,"AV IPIRANGA, 5200 QUIOSQUE 03 JARDIM BOTANICO CEP 90610-000",,,,PORTO ALEGRE,RS,Cluster C
MULTISOM,BOURBON SHOPPING WALLIG,,"AV ASSIS BRASIL, 2611 LOJA 203 CRISTO REDENTOR",,,,PORTO ALEGRE,RS,Cluster C
MRF,BRASILIA SHOPPING,,"ST COMERCIAL NORTE QUADRA, 05 - BLOCO A LOJA 94S E 98S - CEP: 70715-900 - ASA NORTE - BRASÍLIA (DF)",,,,BRASÍLIA,DF,Cluster A
M.M.S. DO BRASIL,BRISAMAR SHOPPING,,"R FREI GASPAR, 365 QUIOSQUE 41 SAO VICENTE",,,,SÃO VICENTE,SP,Cluster C
MULTISOM,CANOAS SHOPPING,,"AV GUILHERME SCHELL, 6750 - LOJA A74/A75 - CEP: 92310-001 - CENTRO - CANOAS - RN",,,,CANOAS,RS,Cluster B
B&F TELECOMUNICACOES,CAPIM DOURADO SHOPPING,,"107 NORTE, NS 05 COM AV. JK - PALMAS / TO - CEP: 77001-080",,,,PALMAS,TO,Cluster B
RASTRECALL,CARIOCA SHOPPING,,"AVENIDA VICENTE DE CARVALHO, 909,QUIOSQUE 105 PISO 1 - VICENTE DE CARVALHO, RIO DE JANEIRO - RJ,",,,,RIO DE JANEIRO,RJ,Cluster C
ATACADÃO DOS ELETRODOMÉSTICOS DO NORDESTE,CARIRI GARDEN SHOPPING,,"AV PADRE CICERO, 2555 LOJA: 206/207;",,,,JUAZEIRO DO NORTE,CE,Cluster C
ATACADÃO DOS ELETRODOMÉSTICOS DO NORDESTE,CARUARU SHOPPING,,"AV. ADJAR DA SILVA CASE, 800 LOJA 20, INDIANÓPOLIS - CARUARU - PE CEP: 55024-740",,,,CARUARU,PE,Cluster C
JUFAP,CATUAI SHOPPING,,"RODOVIA CELSO GARCIA CID, KM.377 – LOJA 82/83 – GLEBA PALHANO – LONDRINA – PR – CEP: 86050-901",,,,LONDRINA,PR,Cluster B
JUFAP,CATUAI SHOPPING MARINGA,,"AV COLOMBO, 9161 CATUAI SHOP. MARINGA LOJAS 157/158 BAIRRO GLEBA PATRIMONIO MARINGA",,,,MARINGÁ,PR,Cluster B
ALLIED,CAXIAS SHOPPING,,"ROD. WASHINGTON LUIS, 2.895, QUIOSQUE Q11, PARQUE DUQUE - DUQUE DE CAXIAS - RJ",,,,DUQUE DE CAXIAS,RJ,Cluster C
RASTRECALL,CENTER SHOPPING RIO,,"RUA GEREMARIO DANTAS, 404 - RIO DE JANEIRO / RJ - QUIOSQ: Q11 PISO L1",,,,RIO DE JANEIRO,RJ,Cluster C
CS COMERCIO DE ELETRONICOS,CENTER SHOPPING UBERLANDIA,,"AV JOAO NAVES DE AVILA, 1331 - LOJA: 1214 - CEP: 38405-140 TIBERY UBERLANDIA MG",,,,UBERLANDIA,MG,Cluster C
ALLIED,CENTERVALE SHOPPING,,"AV DEPUTADO BENEDITO MATARAZZO, 9403, LOJAS USO COMERCIAL N. 164, JARDIM OSWALDO CRUZ, SAO JOSE DOS CAMPOS - SP",,,,SÃO JOSÉ DOS CAMPOS,SP,Cluster B
ARTE TELECOM,CIDADE SÃO PAULO,,"AV PAULISTA, 1230 - BELA VISTA, SÃO PAULO/SP - PISO TERREO SUC 0126",,,,SÃO PAULO,SP,Cluster B
MASTERCELL,CONTINENTE PARK,,ROD BR 101 - SN - KM 211 SALA L104 - CEP: 88104-800 - DISTRITO INDUSTRIAL - SÃO JOSÉ (SC),,,,SÃO JOSÉ,SC,Cluster C
MARTINELLO,DIAMOND MALL,,"AVENIDA OLEGÁRIO MACIEL, 1600, PISO 1, LOJA 24A, LOURDES, BELO HORIZONTE - MG. CEP- 30180-915",,,,BELO HORIZONTE,MG,Cluster C
ALLIED,ELDORADO,,"AV. REBOUÇAS, 3970 - PINHEIROS",,,,SÃO PAULO,SP,Cluster C
PRIMETEK,FLAMBOYANT SHOPPING CENTER,,"AV. DEPUTADO JAMEL CECÍLIO, N° 3300 – QD.B-34 LT.2E – LOJA S-258 – JARDIM GOIÁS – CEP 74810-907 – GOIÂNIA – GO.",,,,GOIANIA,GO,Cluster C
ARTE TELECOM,FRANCA SHOPPING,,"AV RIO NEGRO, 1100 LOJA: 410 411 E 412 BAIRRO SÃO MIGUEL",,,,FRANCA,SP,Cluster C
KADRI COMERCIO DE ELETRONICOS,GOIABEIRAS SHOPPING,,"AV GENERAL NEVES, 121 - LOJA 177 SHOPPING CENTER GOIABEIRAS - CEP: 78043-256 DUQUE DE CAXIAS - CUIABÁ MT",,,,CUIABA,MT,Cluster C
MRF,GOIANIA SHOPPING,,"AV T10, 1300, SETOR BUENO - QUADRA A, LOTE 10/18, SALÃO M USO 02, LOJA 163/164 - CEP: 74223-060 -GOIANA (GO)",,,,GOIANIA,GO,Cluster A
RAKE & RAI,IGUATEMI CAXIAS,,"ROD. WASHINGTON LUIS, 2.895, QUIOSQUE Q11, PARQUE DUQUE - DUQUE DE CAXIAS - RJ",,,,CAXIAS DO SUL,RS,Cluster B
NAGEM,IGUATEMI FORTALEZA,,"AV. WASHINGTON SOARES, 85 - ÁGUA FRIA - FORTALEZA - (LOJA 603)",,,,FORTALEZA,CE,Cluster C
RASTRECALL,ILHA PLAZA,,"AV. MAESTRO PAULO E SILVA, 400 (Q SIPE 213B - 2 PISO) CEP: 21920440",,,,RIO DE JANEIRO,RJ,Cluster C
B&F TELECOMUNICACOES,IMPERIAL,,"ROD BR-010, 100, : 12 PISO IMPERIAL SHOPPING; CEP: 65913-460; ENTRONCAMENTO; IMPERATRIZ (MA)",,,,IMPERATRIZ,MA,Cluster B
ARTE TELECOM,INDEPENDENCIA SHOPPING,,"AV PRESIDENTE ITAMAR FRANCO, 3600, LOJA: 155/156 -PISO TERREO; CEP: 36025-971 SAO MATEUS - JUIZ DE FORA (MG)",,,,JUIZ DE FORA,MG,Cluster C
MASTERCELL,ITAGUAÇU,,"R GERONCIO THIVES, 1079 LOJA 257 BAIRRO SÃO BARREIROS SEDE",,,,SÃO JOSÉ,SC,Cluster C
RASTRECALL,ITAGUAI SHOPPING,,"RUA DOUTOR CURVELO CAVALCANTI, 189 ILHA 003 1 PISO - CEP. 23815-291 - CENTRO - ITAGUAI - RJ",,,,ITAGUAI,RJ,Cluster C
MASTERCELL,ITAJAI SHOPPING CENTER,,"RUA SAMUEL HEUSI, 234, QUIOSQUE 07 CEP: 88301-320 CENTRO",,,,ITAJAÍ,SC,Cluster C
MARTINELLO,ITAU POWER SHOPPING,,"AV. GENERAL DAVID SARNOFF, 5160 LOJA 161 1ºPISO CEP 32210-110 BAIRRO CIDADE INDUSTRIAL",,,,CONTAGEM,MG,Cluster C
MRF,JK SHOPPING & TOWER,,"Q QNM 34 AREA ESPECIAL, 01, LOJA 314 2 PAVIMENTO - CEP: 72145-450 - TAGUATINGA - BRASILIA - DF",,,,BRASÍLIA,DF,Cluster B
ATACADÃO DOS ELETRODOMÉSTICOS DO NORDESTE,JOÃO PESSOA,,"AV HILTON SOUTOMAIOR,3901 LOJA P1083/1109 TERREO",,,,JOÃO PESSOA,PB,Cluster C
MASTERCELL,JOINVILLE GARTEN SHOPPING,,"R. ROLF WIEST, 333 LOJA 114 BOM RETIRO CEP 89223-005 - JOINVILLE",,,,JOINVILLE,SC,Cluster C
ALLIED,JUNDIAI SHOPPING,,"AV NOVE DE JULHO, 3333 LOJAS USO COMERCIAL N 162 CEP 13208-056 BAIRRO VIANELO -JUNDIAI- SP",,,,JUNDIAÍ,SP,Cluster B
PROSPERUS,K RIO SUL,,"Rua Lauro Muller, 116 - 3ºpiso Loja C-34 Botafogo Rj Cep 22290-160",,,,RIO DE JANEIRO,RJ,Cluster B
PROSPERUS,K SHP VITORIA,,AV AMERICO BUAIZ 200 LOJA: S103 ENSEADA DO SUA ; MUNICIPIO DE VITORIA,,,,VITÓRIA,ES,Cluster C
RASTRECALL,KIOSK CARIOCA SHOPPING,,"RUA GEREMARIO DANTAS, 404 - RIO DE JANEIRO / RJ - QUIOSQ: Q11 PISO L1",,,,RIO DE JANEIRO,RJ,Cluster C
MASTERCELL,LAGES GARDEN SHOPPING,,ROD BR 282 KM 216 S/N LOJA 24 E 25 LAGES GUARDEN SHOPPING,,,,LAGES,SC,Cluster C
M.M.S. DO BRASIL,LITORAL PLAZA,,"AV AYRTON SENNA DA SILVA, 1511 LOJA 62",,,,PRAIA GRANDE,SP,Cluster C
ATACADÃO DOS ELETRODOMÉSTICOS DO NORDESTE,MACEIO SHOPPING,,"AV COMENDADOR GUSTAVO PAIVA, 2990, LOJA 296, BAIRO MANGABEIRAS - MACEIO/ALAGOAS (57032-901)",,,,MACEIÓ,AL,Cluster C
RASTRECALL,MADUREIRA SHOPPING,,"ESTRADA DO PORTELA, 222 QUIOSQUE L1 Q06E - CEP. 21351-051 - MADUREIRA - RJ",,,,RIO DE JANEIRO,RJ,Cluster C
NAGEM,MANAIRA SHOPPING,,"AV GOVERNADOR FLAVIO RIBEIRO COUTINHO, 220 - LOJA T0401 PISO TERREO - CEP: 58310-000 - LOTEAMENTO PARQUE VERDE - CABEDELO (PB)",,,,JOÃO PESSOA,PB,Cluster B
INFO STORE COMPUTADORES DA AMAZÔNIA,MANAURA,,AV MARIO YPIRANGA 1300 LOJA 67/68 1º PISO MANAUARA SHOP - CEP: 69057-002 ADRIANOPOLIS - MANAUS (AM),,,,MANAUS,AM,Cluster A
ATACADÃO DOS ELETRODOMÉSTICOS DO NORDESTE,MANGABEIRA SHOPPING,,"AV HILTON SOUTOMAIOR,3901 LOJA P1083/1109 TERREO",,,,JOÃO PESSOA,PB,Cluster C
ALLIED,MARÍLIA SHOPPING,,"RUA DOS TUCUNARÉS, 500, QUIOSQUE Q-13, JARDIM MARIA MARTHA, CEP 17507-280, MARÍLIA, SP",,,,MARILIA,SP,Cluster C
JUFAP,MARINGÁ PARK SHOPPING,,"AV. SÃO PAULO, 1099 – QUIOSQUE Q130 – 1º PISO",,,,MARINGÁ,PR,Cluster C
M.M.S. DO BRASIL,MAUA SHOPPING,,"AV GOVERNADOR MARIO COVAS JUNIOR (VL F N MORELLI), Nº1 LOJA: 25/27;",,,,MAUA,SP,Cluster C
ALLIED,MAXI SHOPPING JUNDIAI,,"AVENIDA ANTONIO FREDERICO OZANAM, 6000- VILA RIO BRANCO JUNDIAI SP CEP 13215-900",,,,JUNDIAÍ,SP,Cluster C
NAGEM,MIDWAY MALL,,"AV BERNARDO VIEIRA, 3775 - LOJA 372 E 372A PISO L3 SHOPPING MIDWAY MALL - CEP: 59015-900 - TIROL - NATAL (RN)",,,,NATAL,RN,Cluster C
MARTINELLO,MINAS SHOPPING,,AV CRISTIANO MACHADO 4000 - : MINAS SHOPPING; LOJA: 160 - 1 PISO - CEP: 31160-900 - UNIÃO - BELO HORIZONTE (MG),,,,BELO HORIZONTE,MG,Cluster C
M.M.S. DO BRASIL,MIRAMAR SHOPPING,,"AV MARECHAL FLORIANO PEIXOTO, 44 - LOJA 53 - CEP: 11060-300 GONZAGA - SANTOS (SP)",,,,SANTOS,SP,Cluster C
ARTE TELECOM,MOGI SHOPPING,,"AV. VEREADOR NARCISO YAGUE  GUMARAES , N 1001  QUIOSQUE 23 A",,,,MOGI DAS CRUZES,SP,Cluster C
CHIPCRED,MOOCA PLAZA SHOPPING,,"RUA CAPITAO PACHECO CHAVES, 313, LOJA 2717, PISO 2, MOOCA - SAO PAULO/SP",,,,SÃO PAULO,SP,Cluster C
MASTERCELL,NAÇÕES SHOPPING,,"AVENIDA JORGE ELIAS DE LUCCA, 677 - BAIRRO NOSSA SRA DA SALETA / CRICIUMA - SC (LOJA 124) CEP 88813-390",,,,CRICIUMA,SC,Cluster C
ATACADÃO DOS ELETRODOMÉSTICOS DO NORDESTE,NATAL SHOPPING,,"AV SENADOR SALGADO FILHO, 2234 - LOJA 384, PISO L2 - 59064-900 CANDELRIA NATAL RN",,,,NATAL,RN,Cluster C
MASTERCELL,NEUMARKT SHOPPING,,"R SETE DE SETEMBRO, 1213 - LOJA 126 - CEP: 89010-911 - CENTRO - BLUMENAU",,,,BLUMENAU,SC,Cluster C
RASTRECALL,NILÓPOLIS SHOPPING,,"RUA PROFESSOR ALFREDO GONÇALVES FUGUEIRA, 100 Q. 07 - CEP: 26525-060 - NILOPOLIS - RJ",,,,NILÓPOLIS,RJ,Cluster C
MASTERCELL,NORTE SHOPPING BLUMENAU,,"ROD BR 470, 3000- QUIOSQ28 - CEP 89065-800 BAIRRO SALTO NORTE",,,,BLUMENAU,SC,Cluster C
ALLIED,NORTE SHOPPING RIO DE JANEIRO,,"AV DOM HELDER CAMARA, 5.332 (LUC) - 2093 NORTE SHOPPING CEP: 20771-004 - CACHAMBI - RIO DE JANEIRO (RJ)",,,,RIO DE JANEIRO,RJ,Cluster A
B&F TELECOMUNICACOES,NORTH SHOPPING FORTALEZA LOJA 2,,"AV BEZERRA DE MENEZES,2450 LOJA 442/443",,,,FORTALEZA,CE,Cluster C
VOCE MOBILE COMERCIO,NORTH SHOPPING JOQUEI,,"AV. LINEU MACHADO, 419 COMPLEMENTO: LOJA 1031 E 1032 PISO L 1 BAIRRO: JOQUEI CLUBE MUNICÍPIO: FORTALEZA CEP: 60520-102",,,,FORTALEZA,CE,Cluster B
B&F TELECOMUNICACOES,NORTH SHOPPING MARACANAU,,"AV. SENADOR CARLOS JEREISSATI, N 100, CENTRO - MARACANAU - CE - QUIOSQUE 31.",,,,MARACANAU,CE,Cluster B
B&F TELECOMUNICACOES,NORTH SHOPPING QUIOSQUE,,"AV BEZERRA DE MENEZES, 2450 - Q1 13 - CEP: 60325-002 - SAO GERALDO FORTALEZA (CE)",,,,FORTALEZA,CE,Cluster C
B&F TELECOMUNICACOES,NORTH SHOPPING SOBRAL,,"AV. MONSENHOR ALOÍSIO PINTO, 300 (QUIOSQUE 05 - TERREO) - DOM EXPEDITO, SOBRAL - CE",,,,SOBRAL,CE,Cluster C
ARTE TELECOM,NOVO SHOPPING CENTER RIBEIRÃO PRETO,,"AVENIDA PRESIDENTE KENNEDY, 1500 - QUIOSQUE K30",,,,RIBEIRÃO PRETO,SP,Cluster C
NAGEM,OSASCO PLAZA SHOPPING,,"R TENENTE AVELAR PIRES DE AZEVEDO, 81 LOJA 158/9 OSASCO PLAZA SHOPING CEP: 06016-060 CENTRO OSASCO",,,,OSASCO,SP,Cluster C
AQUILON,PARK SHOPPING BARIGUI,,"RUA: PEDRO VIRIATO PARIGOT DE SOUSA, 600 - CEP 81200-100 - LOJA LUC 275 - MOSSUNGUE - CURITIBA (PR)",,,,CURITIBA,PR,Cluster A
MRF,PARK SHOPPING BRASILIA,,"ST DE AREAS ISOLADAS/SUDOESTE AREA, 6580 - LUC 283/284 - GUARA - BRASÍLIA (DF)CEP 71219-900",,,,BRASÍLIA,DF,Cluster A
ALLIED,PARK SHOPPING CAMPO GRANDE,,"EST DO MONTEIRO, 1200- LOJA 107 PISO L1- CAMPO GRANDE RIO DE JANEIRO",,,,RIO DE JANEIRO,RJ,Cluster B
ALLIED,PARKSHOPPING SÃO CAETANO,,"AL TERRACOTA, 545 - LOJAS USO COMERCIAL N 1.063",,,,SÃO CAETANO,SP,Cluster B
ARTE TELECOM,PARQUE DOM PEDRO SHOPPING,,"AV. GUILHERME CAMPOS, 500 - LOJA 264-265 - JD. SANTA GENEBRA CAMPINAS (SP) - CEP 13087-901",,,,CAMPINAS,SP,Cluster B
INFO STORE COMPUTADORES DA AMAZÔNIA,PARQUE SHOPPING BELEM,,"ROD. AUGUSTO MONTENEGRO, 4300 LOJA 1027/1028 1°PISO; PARQUE VERDE - BELÉM - PA",,,,BELÉM,PA,Cluster C
ALLIED,PARQUE SHOPPING MAIA,,"AVENIDA BARTOLOMEU DE CARLOS, 230, KSK 401. JD. FLOR DA MONTANHA - GUARULHOS - SP (CEP - 07097-420)",,,,GUARULHOS,SP,Cluster C
ATACADÃO DOS ELETRODOMÉSTICOS DO NORDESTE,PARTAGE SHOPPING MOSSORÓ,,"AV. JOÃO DA ESCOSSIA , Nº 1515, WEST SHOPPING MOSSORÓ, TÉRREO, BAIRRO: NOVA BETÂNIA CEP. 59067-330",,,,MOSSORO,RN,Cluster C
INFO STORE COMPUTADORES DA AMAZÔNIA,PARTAGE SHOPPING PARAUAPEBAS,,"ROD PA 275 KM 61,6 LOTE 01A, LOJA: 44/45 ; : PARTAGE SHOPPING ; PARAUAPEBAS - QUADRA S/N;",,,,PARAUAPEBAS,PA,Cluster C
RASTRECALL,PASSEIO SHOPPING,,"RUA VIUVA DANTAS, 100 LOJAS 101 E 103 - CEP. 23052-090 - CAMPO GRANDE RJ",,,,RIO DE JANEIRO,RJ,Cluster C
ATACADÃO DOS ELETRODOMÉSTICOS DO NORDESTE,PATIO ARAPIRACA GARDEN SHOPPING,,"R JOSE LEITE BEZERRA, S/N LOJA 264",,,,ARAPIRACA,AL,Cluster C
ALLIED,PATIO CIANE SHOPPING,,"AV AFONSO VERGUEIRO, 823 - QUIOSQUE 29",,,,SOROCABA,SP,Cluster C
ARTE TELECOM,PATIO LIMEIRA,,RUA CARLOS GOMES 1321 QUIOSQUE 64,,,,LIMEIRA,SP,Cluster C
B&F TELECOMUNICACOES,PATIO MIX TEIXEIRA DE FREITAS,,"AV. SÃO PAULO, Nº2575 LOJA 1075 SHOPPING PATIO MIX - BAIRRO VILA VERDE",,,,TEIXEIRA DE FREITAS,BA,Cluster C
ARTE TELECOM,POLO INDAIATUBA SHOPPING,,"AL FILTROS MANN, 670 LOJA: SUC 115;",,,,INDAIATUBA,SP,Cluster C
PRIMETEK,PORTAL SHOPPING,,AV ANHANGUERA NÚMERO 14.404 COMPLEMENTO QUADRA AREA LOTE 39 A/E LUC 290 CEP 74450-010 BAIRRO/DISTRITO CAPUAVA,,,,GOIANIA,GO,Cluster C
INFO STORE COMPUTADORES DA AMAZÔNIA,PORTO VELHO SHOPPING,,"AV RIO MADEIRA, 3288 - LOJA 230/231 2 PISO PORTO VELHO SHOPPING - CEP: 76820-408 - FLODOALDO PONTES PINTO - PORTO VELHO - RO",,,,PORTO VELHO,RO,Cluster B
MULTISOM,PRAÇA RIO GRANDE SHOPPING CENTER,,"RUA JOCKEY CLUBE,155 LOJA 46, SHOPPI BAIRRO VL SAO MIGUEL CEP 96212-730",,,,RIO GRANDE,RS,Cluster C
M.M.S. DO BRASIL,PRAIAMAR SHOPPING,,"R. ALEXANDRE MARTINS, N 80, LOJA 01, APARECIDA - SANTOS - SP / CEP 11025-200",,,,SANTOS,SP,Cluster C
ALLIED,PRUDENSHOP,,"AV MANOEL GOULART, 2400 - LOJAS USO COMERCIAL 1030 E 1031 - CEP: 19060-000 - PARQUE BELA VISTA -PRESIDENTE PRUDENTE (SP)",,,,PRESIDENTE PRUDENTE,SP,Cluster B
ARTE TELECOM,RIBEIRÃO SHOPPING,,"AV. CEL. FERNANDO FERREIRA LEITE, 1540 - SUBSETOR SUL 5 - LOJA 147",,,,RIBEIRÃO PRETO,SP,Cluster B
ALLIED,RIO PRETO SHOPPING,,"AVENIDA BRIGADEIRO FARIA LIMA, 6363, JARDIM MORUMBI, SÃO JOSÉ DO RIO PRETO/SP, CEP 15090-000 LOJA 257",,,,SÃO JOSÉ DO RIO PRETO,SP,Cluster B
VOCE MOBILE COMERCIO,RIVERSIDE,,"AV. ININGA, 1201 - JOCKEY CLUBE, TERESINA",,,,TERESINA,PI,Cluster C
MARTINELLO,RONDON PLAZA SHOPPING,,"AV ROTARY INTERNACIONAL, 1950 - EDIF RONDON PLAZA SHOPPINSALA LOJA 208/09-A - CEP 78735-219 -N PARQUE SAGRADA FAMILIA - RONDONOPOLIS - MT",,,,RONDONÓPOLIS,MT,Cluster C
MULTISOM,ROYAL PLAZA SHOPPING,,"AV NOSSA SENHORA DAS DORES, 305 - LOJA 360 - CEP: 97050-531 - NOSSA SENHORA DAS DORES - SANTA MARIA (RS)",,,,SANTA MARIA,RS,Cluster C
ESB TELEFONES,SALVADOR NORTE SHOPPING,,"ROD BA-526, 305 - SALVADOR NORTE SHOPPING LOJA 2004 2 PISO - CEP: 41510-000 - SAO CRISTOVAO - SALVADOR (BA)",,,,SALVADOR,BA,Cluster B
ESB TELEFONES,SALVADOR SHOPPING,,"AV. TANCREDO NEVES, 3133 - CAMINHO DAS ÁRVORE - LOJA 1084 - SALVADOR (BA) - CEP: 41820-021",,,,SALVADOR,BA,Cluster A
0,SAMSUNG - B&F - SHOPPING DA ILHA,,0,,,,0,0,Cluster A
RASTRECALL,SANTA CRUZ,,RUA FELIPE CARDOSO N. 540 Q07 - CEP 23515-000 - SANTA CRUZ - RJ,,,,RIO DE JANEIRO,RJ,Cluster C
ALLIED,SANTANA PARQUE SHOPPING,,"R CONSELHEIRO MOREIRA DE BARROS, 2780, QUIOSQ: Q220;",,,,SÃO PAULO,SP,Cluster C
NAGEM,SÃO BERNARDO PLAZA SHOPPING,,"AV. ROTARY, 624 -LOJA 2076B PISO L2 CEP: 09721-000 - SÃO BERNARDO DO CAMPO",,,,SÃO BERNARDO,SP,Cluster C
B&F TELECOMUNICACOES,SÃO GONÇALO SHOPPING,,"AVN SAO GONCALO,100 LJS 213/214 A PISO L2 S.G.SHOPPING BOA VISTA SÃO GONÇALO-",,,,SÃO GONÇALO,RJ,Cluster B
B&F TELECOMUNICACOES,SÃO LUIS SHOPPING,,"AV. PROFESSOR CARLOS CUNHA, 1.000 LOJA 204 LEE SÃO LUIS - MA CEP: 65076-907",,,,SÃO LUIS,MA,Cluster A
KADRI COMERCIO DE ELETRONICOS,SHOPPING 3 AMERICAS,,"AV BRASILIA, 146 - QP-02 1 PISO BLOCO B SHOPPING TRES AMERICAS - CEP: 78060-601 - JARDIM DAS AMERICAS - CUIABA (MT)",,,,CUIABA,MT,Cluster C
ALLIED,SHOPPING ABC,,"AV PEREIRA BARRETO, 42 - LOJA N278 2 288, CEP: 09190-210 VILA GILDA - SANTO ANDRÉ (SP)",,,,SANTO ANDRÉ,SP,Cluster B
CHIPCRED,SHOPPING ANALIA FRANCO,,"AV REGENTE FEIJO, 1739 - LOJA LUC OQ-33 PAVLH SHOP ANALIA FRANCO - CEP: 03342-000 - VILA REGENTE FEIJO - SAO PAULO (SP)",,,,SÃO PAULO,SP,Cluster C
NAGEM,SHOPPING ARICANDUVA,,"AV ARICANDUVA, 5555, JARDIM ARICANDUVA - SÃO PAULO/SP (CEP 03527-009) LOJA 238",,,,SÃO PAULO,SP,Cluster B
RASTRECALL,SHOPPING BANGU,,"R FONSECA, 240 LOJA N 124/124-A - BANGU RIO DE JANEIRO",,,,RIO DE JANEIRO,RJ,Cluster B
RASTRECALL,SHOPPING BANGU LOJA 2,,"R FONSECA, 240, QUIOSQ Q04-A - CEP: 21820-005 BANGU - RIO DE JANEIRO (RJ)",,,,RIO DE JANEIRO,RJ,Cluster C
ESB TELEFONES,SHOPPING BARRA SALVADOR,,"AV CENTENARIO, 2992 - LOJA 149 A L 1 SHOPPING BARRA - CEP: 40155-150 - CHAME-CHAME - SALVADOR - SP",,,,SALVADOR,BA,Cluster A
ESB TELEFONES,SHOPPING BELA VISTA,,"AL EUVALDO LUZ, 92 QUIOSQUE Q19,1 PISO L1",,,,SALVADOR,BA,Cluster C
MULTISOM,SHOPPING BELLA CITTA,,"R CORONEL CHICUTA, 355 LOJA 11 SHOPPING BELLA CITTA - CEP: 99010-050 - CENTRO - PASSO FUNDO - RS",,,,PASSO FUNDO,RS,Cluster C
CELLULAR MIX,SHOPPING BOULEVARD TATUAPE,,"R GONCALVES CRESPO, 78 - TATUAPÉ, SÃO PAULO - SP (03.066-030) - QUIOSQ: 29; PAVMTO: 1",,,,SÃO PAULO,SP,Cluster C
MULTISOM,SHOPPING BOURBON COUNTRY,,"AV TULIO DE ROSE, 80 QUIOSQQ 01Q05 PASSO D'AREIA CEP 91340-110",,,,PORTO ALEGRE,RS,Cluster C
PRIMETEK,SHOPPING BURITI,,"AV. RIO VERDE, SEM NÚMERO - QD. 102, PISO TÉRRIO - LOJA 177 - CEP 74916-260 - GOIÂNIA - GO.",,,,APARECIDA DE GOIÂNIA,GO,Cluster C
PRIMETEK,SHOPPING BURITI RIO VERDE,,"R O, 1044 QUADRA015 LOTE 01 LUC'S: 007/008 CEP 75.907-681 BAIRRO RESIDENCIAL JARDIM CAMPESTRE RIO VERDE GO",,,,RIO VERDE,GO,Cluster C
ARTE TELECOM,SHOPPING BUTANTÃ,,"AV. PROF. FRANCISCO MORATO, 2718 – QUIOSQUE: QT-1M",,,,SÃO PAULO,SP,Cluster C
ARTE TELECOM,SHOPPING CAMPINAS,,"R JACY TEIXEIRA DE CAMARGO, 940 QUIOESQUE 32 ",,,,CAMPINAS,SP,Cluster C
ARTE TELECOM,SHOPPING CAMPO GRANDE,,"AV AFONSO PENA, 4909, LOJA 2019 A CEP: 79031-900 - SANTA FE - CAMPO GRANDE MS",,,,CAMPO GRANDE,MS,Cluster B
B&F TELECOMUNICACOES,SHOPPING CAMPO LIMPO,,"EST DO CAMPO LIMPO, 459 COMPLEMENTO : EUC N 361; : SHOP. CAMPO LIMPO; CEP 05777-000 BAIRRO/DISTRITO VILA PREL",,,,SÃO PAULO,SP,Cluster B
CS COMERCIO DE ELETRONICOS,SHOPPING CENTER 3,,AV PAULISTA 2064 - LOJA: LUC A-41 B; CEP: 01310-928 - SÃO PAULO (SP),,,,SÃO PAULO,SP,Cluster C
ALLIED,SHOPPING CENTER NORTE,,"TV CASALBUONO, 120 - LOJA DE USO COMERCIAL (LUC) L950 SHOP CENTER NORTE - 02089-900 - VILA GUILHERME - SAO PAULO (SP)",,,,SÃO PAULO,SP,Cluster A
JUFAP,SHOPPING CENTER SÃO JOSE,,"R IZABEL A REDENTORA, 1434 QUIOSQUE Q-103 SHOPPING SAO JOSE",,,,SÃO JOSÉ DOS PINHAIS,PR,Cluster C
MARTINELLO,SHOPPING CIDADE BH,,"R RIO DE JANEIRO, 910 EDIF: SHOPPING CIDADE; PISO GOITACASES LOJA G04",,,,BELO HORIZONTE,MG,Cluster C
MRF,SHOPPING CONJUNTO NACIONAL BRASILIA,,"ST DE DIVERSOES NORTE CONJUNTO A, S/N - LOJA 2072 2 PISO CEP: 70077-000 - ASA NORTE - BRASILIA (DF)",,,,BRASÍLIA,DF,Cluster C
B&F TELECOMUNICACOES,SHOPPING CONQUISTA SUL,,"AV. JURACY MAGALHAES, 3340 BAIRRO BOA VISTA MUNICIPIO VITORIA DA CONQUISTA LOJA 47 E 48 CEP 45026-090",,,,VITORIA DA CONQUISTA,BA,Cluster B
MARTINELLO,SHOPPING CONTAGEM,,"AVENIDA SEVERINO BALLESTEROS, 99 RESSACA- 32110-005- CONTAGEM",,,,CONTAGEM,MG,Cluster C
JUFAP,SHOPPING CURITIBA,,"R. BRIGADEIRO FRANCO, 2300 QUIOSQUE Q-210 PISO L2",,,,CURITIBA,PR,Cluster C
ARTE TELECOM,SHOPPING D,,AV. CRUZEIRO DO SUL 1.100 LOJA 1054,,,,SÃO PAULO,SP,Cluster C
ESB TELEFONES,SHOPPING DA BAHIA PISO 1,,"AVENIDA TANCREDONEVES, 148 LOJA09 E 10 QUADRAB",,,,SALVADOR,BA,Cluster B
ESB TELEFONES,SHOPPING DA BAHIA PISO 3,,"AV.TANCREDO NEVES Nº 148, LOJA 1 A 3, 3º PISO, QUADRA X CAMINHO DAS ARVORES, CEP 41820-908, SALVADOR/BA.",,,,SALVADOR,BA,Cluster A
B&F TELECOMUNICACOES,SHOPPING DA ILHA,,"AV DANIEL DE LA TOUCHE, 987 - LOJA: 213 D/E/F/M/N; CEP: 65074-115 - COHAMA - SÃO LUIS - MA",,,,SÃO LUIS,MA,Cluster A
B&F TELECOMUNICACOES,SHOPPING DEL PASEO,,"AV SANTOS DUMONT, 3131 SHOPPING DEL PASEO HALL L2",,,,FORTALEZA,CE,Cluster B
MARTINELLO,SHOPPING DEL REY,,"AV. PRESIDENTE CARLOS LUZ, 3001, LOJA 1049, CAIÇARAS, CEP 31250-010, BELO HORIZONTE, MG",,,,BELO HORIZONTE,MG,Cluster B
JUFAP,SHOPPING ESTAÇÃO,,"AV. SETE DE SETEMBRO, 2775",,,,CURITIBA,PR,Cluster C
MARTINELLO,SHOPPING ESTAÇÃO BH,,"AV CRISTIANO MACHADO, 11833 - SHOPPING ESTACAO BH; CEP: 31744-007 - VILA CLORIS - BELO HORIZONTE (MG)",,,,BELO HORIZONTE,MG,Cluster C
CS COMERCIO DE ELETRONICOS,SHOPPING FREI CANECA,,"R FREI CANECA, 569 - LOJA: 310 CEP: 01307-001 - CONSOLACAO - SAO PAULO (SP)",,,,SÃO PAULO,SP,Cluster C
ARTE TELECOM,SHOPPING GRAND PLAZA,,"AV. INDUSTRIAL, 600 LOJA 329 CEP 09080-500 JARDIM - SANTO ANDRÉ (SP)",,,,SANTO ANDRÉ,SP,Cluster B
ALLIED,SHOPPING GRANDE RIO,,"R MARIA SOARES SENDA, 111 LOJA 263/65",,,,SÃO JOÃO DO MERITI,RJ,Cluster B
B&F TELECOMUNICACOES,SHOPPING GRANJA VIANA,,"ENDEREÇO : ROD RAPOSO TAVARES, 400 – LUC 367 PISO L2 SHOP GRANJA VIANNA – CEP 06707-000 – COTIA / SP",,,,COTIA,SP,Cluster B
MULTISOM,SHOPPING GRAVATAI,,AV. CENTENÁRIO 555 LOJA 242 A - PASSO DAS PEDRAS - GRAVATAÍ- RS CEP. 94035-240,,,,GRAVATAI,RS,Cluster C
NAGEM,SHOPPING GUARARAPES,,"AV BARRETO DE MENEZES, 800 SUC 237",,,,JABOATÃO DOS GUARARAPES,PE,Cluster C
NAGEM,SHOPPING IBIRAPUERA,,"AV IBIRAPUERA, 3103 - SUC 61 PISO CAMPO BELO SHOPPING CENTER IBIRAPUERA CEP: 04029-902 INDIANAPOLIS - SAO PAULO - SP",,,,SÃO PAULO,SP,Cluster B
MRF,SHOPPING IGUATEMI BRASILIA,,"ST SHIN CA 4 LOTE A, SN - LOJA 40 PISO SEMI-ENTERRADO - CEP: 71503-504 - LAGO NORTE - BRASÍLIA (DF)",,,,BRASÍLIA,DF,Cluster B
ARTE TELECOM,SHOPPING IGUATEMI CAMPINAS,,"AV. IGUATEMI, 777 QUIOSQUE EM FRENTE DA CLARO 102 - CEP 13092-500 - VILA BRANDINA - CAMPINAS - SÃO PAULO",,,,CAMPINAS,SP,Cluster B
CELLULAR MIX,SHOPPING IGUATEMI CAXIAS DO SUL,,"ROD RSC 453 KM 3,5, 2780 - LOJA 162 CEP: 95110-130 - DESVIO RIZZO - CAXIAS DO SUL (RS)",,,,CAXIAS DO SUL,RS,Cluster B
ALLIED,SHOPPING IGUATEMI ESPLANADA,,"AV GISELE CONSTANTINO, 1800 - LOJAS USO COMERCIAL N 164 - CEP: 18110-650 - PARQUE BELA VISTA - VOTORANTIM (SP)",,,,SOROCABA,SP,Cluster B
MASTERCELL,SHOPPING IGUATEMI FLORIPA,,"AV. MADRE BENVENUTA, 687 - SALA 269 - CEP: 88035-000 - SANTA MÔNICA - FLORIANÓPOLIS (SC)",,,,FLORIANÓPOLIS,SC,Cluster B
MULTISOM,SHOPPING IGUATEMI POA,,"AV JOAO WALLIG, 1800 - LOJA 126 CEP: 91340-001 - PASSO DAREIA - PORTO ALEGRE (RS)",,,,PORTO ALEGRE,RS,Cluster A
ARTE TELECOM,SHOPPING IGUATEMI SÃO CARLOS,,"PASSEIO DOS FLAMBOYANTS, 200 QUIOSQ: Q - 109;",,,,SÃO CARLOS,SP,Cluster C
NAGEM,SHOPPING INTERLAGOS,,"AV INTERLAGOS, 2255, ARCO 259/260, BAIRO JARDIM UMUARAMA - SAO PAULO/SP (04661-903)",,,,SÃO PAULO,SP,Cluster B
NAGEM,SHOPPING INTERNACIONAL DE GUARULHOS,,R ENGENHEIRO CAMILO OLIVETTI 295 LOJA L04 E L05 PISO SUPERIOR INTER SHOP GUARULHOS CEP: 07042-040 ITAPEGICA - GUARULHOS,,,,GUARULHOS,SP,Cluster C
ARTE TELECOM,SHOPPING JARAGUÁ,,AV ALBERTO BENASSI 2.270 QUIOSQQ 27 SHOPPING JARAGUA ARA,,,,ARARAQUARA,SP,Cluster C
MASTERCELL,SHOPPING JARAGUA DO SUL,,"AV GETULIO VARGAS , 268 -QUIOSQ32 - CEP 89251-970 CENTRO",,,,JARAGUÁ DO SUL,SC,Cluster C
RASTRECALL,SHOPPING JARDIM GUADALUPE,,AV. BRASIL N.22155 QUIOSQUE 1* PISO - JARDIM GUADALUPE - CEP. 21.670-000 - RJ,,,,RIO DE JANEIRO,RJ,Cluster C
NAGEM,SHOPPING JARDIM SUL,,"AV. GIOVANNI GRONCHI, 5819 - LOJA 417, 418 E 419 PISO 2 SHOPPING JARDIM SUL - MORUMBI, SÃO PAULO, CEP: 05724-020",,,,SÃO PAULO,SP,Cluster B
NAGEM,SHOPPING JARDINS,,"AV MINISTRO GERALDO BARRETO SOBRAL, 215 - QUIOSQ: 24 - CEP: 49026-010 - JARDINS - ARACAJU(SE)",,,,ARACAJU,SE,Cluster C
B&F TELECOMUNICACOES,SHOPPING JEQUITIBA,,"AV AZIZ MARON, S/N LOJA LAH26A",,,,ITABUNA,BA,Cluster B
ESB TELEFONES,SHOPPING LAPA,,"AV TANCREDO NEVES, 148 LOJA 09 E 10 QUADRAB SHOPPING IGUATEMI",,,,SALVADOR,BA,Cluster C
ALLIED,SHOPPING LEBLON,,"AV AFRANIO DE MELO FRANCO, 290, LOJAS 108 C/D - CEP: 22430-060 - LEBLON RJ",,,,RIO DE JANEIRO,RJ,Cluster A
CHIPCRED,SHOPPING LIGHT,,"RUA CORONEL XAVIER DE TOLEDO, 23 QR.5.3; TERREO",,,,SÃO PAULO,SP,Cluster C
PROSPERUS,SHOPPING MESTRE ALVARO,,"AV JOAO PALACIO S/N, 300 - LOJA: Q106A; CEP: 29160-925 -EURICO SALLES - SERRA - ES",,,,SERRA,ES,Cluster C
CS COMERCIO DE ELETRONICOS,SHOPPING METRO ITAQUERA,,"AV JOSE PINHEIRO BORGES, S/N, ESPAÇO COMERCPIAL 158; VILA CAMPANELA, SÃO PAULO-SP",,,,SÃO PAULO,SP,Cluster C
ALLIED,SHOPPING METRO SANTA CRUZ,,"R DOMINGOS DE MORAES, 2564 - LOJAS USO COMERCIAL N L7/T - CEP: 04036-100 - VILA MARIANA - SÃO PAULO (SP)",,,,SÃO PAULO,SP,Cluster A
CELLULAR MIX,SHOPPING METRO TATUAPE,,"AVENIDA RADIAL LESTE, S/N LOJA: 129 PISO TATUAPE",,,,SÃO PAULO,SP,Cluster A
CELLULAR MIX,SHOPPING METRO TUCURUVI,,"AV DOUTOR ANTONIO MARIA LAET, 566 - LOJA 11.1 PRIMEIRO PISO TERREO CEP: 02240-000 - PARADA INGLESA - SÃO PAULO (SP)",,,,SÃO PAULO,SP,Cluster B
NAGEM,SHOPPING METROPOLE,,"PRAÇA SAMUEL SABATINI, 200 - LOJA 224 E 225 CENTRO, SÃO BERNARDO DO CAMPO",,,,SÃO BERNARDO,SP,Cluster C
B&F TELECOMUNICACOES,SHOPPING METROPOLITANO BARRA,,"AV NS PAA 10292 PAL 38883,135 PISO L1 LOJA 1057",,,,RIO DE JANEIRO,RJ,Cluster B
ALLIED,SHOPPING MORUMBI,,"AV ROQUE PETRONI JUNIOR, 1089 - LOJA USO COMERCIAL N 16 LL - CEP: 04707-900 - BROOKLIN - SAO PAULO (SP)",,,,SÃO PAULO,SP,Cluster A
PROSPERUS,SHOPPING MOXUARA,,"ROD BR-262 6555, 6555 KM: 5; LOJA: 306 A/B; : PISO L-3; : SHOPPING MOXARA;",,,,CARIACICA,ES,Cluster C
JUFAP,SHOPPING MUELLER,,"AV CANDIDO DE ABREU, 127 - LOJA ML-50 -CEP: 80530-000",,,,CURITIBA,PR,Cluster B
MASTERCELL,SHOPPING MUELLER JOINVILLE,,"RUA SENADOR FELIPE SCHMIDT, 235 (KSK18 - 2° ANDAR) - CENTRO, JOINVILLE - SC, 89201-440",,,,JOINVILLE,SC,Cluster C
ALLIED,SHOPPING NITEROI,,"R XV DE NOVEMBRO, 08 LOJA 166 LOJA 167 CEP: 24020-125 CENTRO - NITERÓI",,,,NITEROI,RJ,Cluster A
ARTE TELECOM,SHOPPING NORTE SUL PLAZA,,"AVENIDA PRESIDENTE ERNESTO GEISEL, 2300 - JARDIM JÓQUEI CLUB, CAMPO GRANDE - MS",,,,CAMPO GRANDE,MS,Cluster C
ATACADÃO DOS ELETRODOMÉSTICOS DO NORDESTE,SHOPPING NORTH CARUARU,,"AV. ADJAR DA SILVA CASE, 800 LOJA 20, INDIANÓPOLIS - CARUARU - PE CEP: 55024-740",,,,CARUARU,PE,Cluster C
ALLIED,SHOPPING NOVA AMERICA,,"AV PASTOR MARTIN LUTHER KING JUNIOR 126, ( LUC ) 1427 SHOP NOVA AMERICA, BAIRO DEL CASTILHO - RIO DE JANEIRO/RJ (20765-000)",,,,RIO DE JANEIRO,RJ,Cluster B
RASTRECALL,SHOPPING NOVA IGUAÇU,,"AV ABÍLIO AUGUSTO TÁVORA, Nº 1.111 - (QUIOSQUE QP23) - BAIRRO DA LUZ - NOVA IGUAÇU – RIO DE JANEIRO",,,,NOVA IGUAÇU,RJ,Cluster C
JUFAP,SHOPPING PALLADIUM,,"AV. PRESIDENTE KENNEDY, 4121 - LOJA Q-118 SHOP PALLADIUM - CEP: 80610-905 - PORTÃO - CURITIBA",,,,CURITIBA,PR,Cluster C
B&F TELECOMUNICACOES,SHOPPING PALMAS,,"Q 101 SUL NSA, CONJ 02, LOTE 10, Q 07, PALMAS SHOPPING, S/N CEP: 77015-972 PLANO DIRETOR SUL PALMAS (TO)",,,,PALMAS,TO,Cluster C
KADRI COMERCIO DE ELETRONICOS,SHOPPING PANTANAL,,"AV. HISTORIADOR RUBENS DE MENDONCA, 3300 COMPLEMENTO SALA 2026 E 2027. CEP 78050-000 BAIRRO DISTRITO BOSQUE DA SAUDE",,,,CUIABA,MT,Cluster C
KADRI COMERCIO DE ELETRONICOS,SHOPPING PANTANAL KIOSK,,"AV. HISTORIADOR RUBENS DE MENDONÇA, 3300. QUIOSQUE 320 SHOPPING PANTANAL. CEP 78050-000 BAIRRO DISTRITO BOSQUE DA SAUDE",,,,CUIABA,MT,Cluster C
ESB TELEFONES,SHOPPING PARALELA,,"AV LUIZ VIANA FILHO, 8544 - QUADRA E, LOJA 106, 1º PISO - CEP: 41701-005 PARALELA - SALVADOR (BA)",,,,SALVADOR,BA,Cluster B
VOCE MOBILE COMERCIO,SHOPPING PARANGABA,,"R GERMANO FRANK, 300 LOJA 327",,,,FORTALEZA,CE,Cluster B
ARTE TELECOM,SHOPPING PARQUE DAS BANDEIRAS,,"AV JOHN BOYD DUNLOP , N 3900 - QUIOSQUE 302 - PISO L3 CEP 13060-803 CAMPINAS SP",,,,CAMPINAS,SP,Cluster C
PRIMETEK,SHOPPING PASSEIO DAS AGUAS,,"AV PERIMETRAL NORTE, 8303, LOJA 113/114 ANDAR TERREO PISO 1 CEP: 74445-360 - FAZENDA CAVEIRAS - GOIANIA (GO)",,,,GOIANIA,GO,Cluster C
RASTRECALL,SHOPPING PÁTIO ALCÂNTARA,,"PRAÇA CARLOS GIANELLI, S/N L2-Q25 - CEP 24710-465 - SÃO GONÇALO - ALCANTARA",,,,SÃO GONÇALO,RJ,Cluster C
INFO STORE COMPUTADORES DA AMAZÔNIA,SHOPPING PATIO BELEM,,"TV PADRE EUTIQUIO, 1078 LOJA 120 1º PISO - SHOPPING PÁTIO BELÉM CEP 66023-710 BATISTA CAMPOS",,,,BELÉM,PA,Cluster B
MRF,SHOPPING PATIO BRASIL,,ST COMERCIAL SUL QUADRA 07 BLOCO A SN LOJA 01T TERREO PARTE LOJA T065/066 ASA SUL BRASILIA - DF CEP: 70.307-902,,,,BRASÍLIA,DF,Cluster B
MASTERCELL,SHOPPING PATIO CHAPECO,,"AV FERNANDO MACHADO, 4000, D LOJA 06, LIDER - CHAPECÓ - SC",,,,CHAPECÓ,SC,Cluster C
ALLIED,SHOPPING PÁTIO CIANE,,"AV AFONSO VERGUEIRO, 823 - QUIOSQUE 29",,,,SOROCABA,SP,Cluster C
AQUILON,SHOPPING PATIO HIGIENOPOLIS,,"AV. HIGIENÓPOLIS, 674 - PISO PACAEMBU - HIGIENÓPOLIS - SÃO PAULO (SP) - CEP: 01238-000",,,,SÃO PAULO,SP,Cluster A
INFO STORE COMPUTADORES DA AMAZÔNIA,SHOPPING PATIO MARABA,,Q QUADRA 15 FOLHA 30 LOE 10 S/N - LOJA 248/249 2 PISO SHOPPING CENTER PATIO MARABA - CEP: 68507-445 - NOVA MARABA - MARABA (PA),,,,MARABÁ,PA,Cluster C
NAGEM,SHOPPING PATIO PAULISTA,,"R TREZE DE MAIO, 1947, QUISOQUE MC 11 - CEP: 01327-900 - BELA VISTA SP",,,,SÃO PAULO,SP,Cluster B
MULTISOM,SHOPPING PELOTAS,,"AV. FERREIRA VIANA, 1526 - LJ 28, AREAL - 96085-000 - PELOTAS",,,,PELOTAS,RS,Cluster C
CS COMERCIO DE ELETRONICOS,SHOPPING PENHA,,R DOUTOR JOAO RIBEIRO 304 : ESPACO DE USO COM.; : EUC N 2108/11; : PISO ANTONIO LOBO;,,,,SÃO PAULO,SP,Cluster C
ALLIED,SHOPPING PIRACICABA,,"AV. LIMEIRA, 722 LOJAS SÓ COMERCIAL N108A E 109 CEP 13414-018 BAIRRO VILA REZENDE",,,,PIRACICABA,SP,Cluster B
ALLIED,SHOPPING PLAZA AVENIDA,,"AV JOSE MUNIA,4775 - LOJA USO COMERCIAL 230 CEP: 15085-350 - NOVA REDENTORA - SAO JOSE DO RIO PRETO (SP)",,,,SÃO JOSÉ DO RIO PRETO,SP,Cluster B
B&F TELECOMUNICACOES,SHOPPING PLAZA MACAE,,"AV ALOISIO DA SILVA GOMES, 800 LOJA 104",,,,MACAÉ,RJ,Cluster B
ALLIED,SHOPPING PLAZA NITEROI,,"R XV DE NOVEMBRO, 08 LOJA 166 LOJA 167 CEP: 24020-125 CENTRO - NITERÓI",,,,NITEROI,RJ,Cluster A
NAGEM,SHOPPING PLAZA SUL,,"PRAÇA LEONOR KAUPA, 100 - CURSINO, SÃO PAULO, CEP:05141-100 - LOJA 181 PISO IMIGRANTES SHOP C - JARDIM SAUDE",,,,SÃO PAULO,SP,Cluster B
INFO STORE COMPUTADORES DA AMAZÔNIA,SHOPPING PONTA NEGRA,,"AV CEL TEIXEIRA, 5705 - LOJA 68 1 PISO SHOPPING PONTA NEGRA - CEP: 69037-000 - PONTA NEGRA - MANAUS (AM)",,,,MANAUS,AM,Cluster C
CELLULAR MIX,SHOPPING PRAÇA DA MOÇA,,"R MANOEL DA NOBREGA (PRQ S SETEMBRO), 712 -QUIOSQ: Q13 PISO PAINEIRAS",,,,DIADEMA,SP,Cluster C
PROSPERUS,SHOPPING PRAIA DA COSTA,,AV DOUTOR OLIVIO LIRA 353 LOJA: Q107A; CEP: 29101-260 - PRAIA DA COSTA - VILA VELHA - ES,,,,VILA VELHA,ES,Cluster C
MULTISOM,SHOPPING PRAIA DE BELAS,,"AV PRAIA DE BELAS, 1181 LOJA 3060 CEP 90110-001 PRAIA DE BELAS",,,,PORTO ALEGRE,RS,Cluster B
B&F TELECOMUNICACOES,SHOPPING PREMIO,,"AV COLETORA , A LOJA 71 E 72 S/N",,,,NOSSA SENHORADO SOCORRO,SE,Cluster C
B&F TELECOMUNICACOES,SHOPPING RIO ANIL,,"AV SAO LUIS REI DE FRANCA, 08 LOJA: 1048 CEP: 65065-470 TURU SÃO LUIS (MA)",,,,SÃO LUIS,MA,Cluster A
NAGEM,SHOPPING RIO MAR ARACAJU,,"AV LUIZ LUA GONZAGA,400 - QUIOSQ: Q206; CEP: 49035-500 - COROA DO MEIO - ARACAJU(SE)",,,,ARACAJU,SE,Cluster C
NAGEM,SHOPPING RIO MAR FORTALEZA,,"R LAURO NOGUEIRA, 1355 : LUC 1140;",,,,FORTALEZA,CE,Cluster C
PROSPERUS,SHOPPING RIO SUL,,"RUA LAURO MULLER, 116 - 3ºPISO LOJA C-34 BOTAFOGO RJ CEP 22290-160",,,,RIO DE JANEIRO,RJ,Cluster B
NAGEM,SHOPPING RIOMAR RECIFE,,"AV. REPÚBLICA DO LÍBANO, 251 - PINA",,,,RECIFE,PE,Cluster C
CELLULAR MIX,SHOPPING SAN PELEGRINO,,"Av. Rio Branco, 452, QN03 – Bairro São Pelegrino – Caxias do Sul – RS CEP: 98450-000",,,,CAXIAS DO SUL,RS,Cluster C
MARTINELLO,SHOPPING SETE LAGOAS,,AV. OTÁVIO CAMPELO RIBEIRO 2801 BAIRRO ELDORADO CIDADE DE SETE LAGOAS - CEP 35702-153 LOJA SSL00280,,,,SETE LAGOAS,MG,Cluster C
NAGEM,SHOPPING SP MARKET,,"AV DAS NACOES UNIDAS, 22.540 - LOJA A6-23 SHOPPING SP MARKET CENTER CEP: 04795-000 - SOCORRO - SP",,,,SÃO PAULO,SP,Cluster B
PRIMETEK,SHOPPING SUL,,"BR 040 KM 12, GLEBA F, S/N , QD 01, LT 01",,,,VAL PARAISO,GO,Cluster C
RASTRECALL,SHOPPING SULACAPE,,"AVENIDA MARECHAL FONTENELLE, 3545 QUIOSQUE MKT 22 - CEP 21750-001 - JARDIM SULACAP - RJ",,,,RIO DE JANEIRO,RJ,Cluster C
NAGEM,SHOPPING SUPER OSASCO,," AVENIDA DOS AUTONOMISTAS, 1828",,,,OSASCO,SP,Cluster C
ARTE TELECOM,SHOPPING SUZANO,,"R SETE DE SETEMBRO, 555 - Q 18 - SUZANO, SP (08673-020)",,,,SUZANO,SP,Cluster C
CS COMERCIO DE ELETRONICOS,SHOPPING TABOÃO,,"RODOVIA RÉGIS BITTENCOURT, 2.643 LOJA 223 TABOÃO DA SERRA/SP | CEP: 06768-200",,,,TABOÃO DA SERRA,SP,Cluster C
NAGEM,SHOPPING TACARUNA,,"AV GOVERNADOR AGAMENON MAGALHAES S/N, 153 LUC 47 ; : 1 PAVIMENTO;",,,,RECIFE,PE,Cluster C
ALLIED,SHOPPING TAMBORE,,"AV PIRACEMA , 669 ANDAR TERREO LOJA 481 - CEP: 06460-030 - PAVLH SHOPPING TAMBORE - BARUERI (SP)",,,,BARUERI,SP,Cluster C
RAKE & RAI,SHOPPING TATUAPE,,"AVENIDA RADIAL LESTE, S/N LOJA: 129 PISO TATUAPE",,,,SÃO PAULO,SP,Cluster A
B&F TELECOMUNICACOES,SHOPPING TOCANTINS,,"R PIAUI, 580, 1 PISO; QUIOSQ: Q12; : TOCANTINS SHOPPING; : CENTER; CEP: 65901-600, CENTRO, IMPERATRIZ - MA",,,,IMPERATRIZ,MA,Cluster C
MULTISOM,SHOPPING TOTAL,,AV CRISTOVÃO COLOMBO 35 - QUIOSQUE 38 - BAIRRO FLORESTA - CEP 90560-003,,,,PORTO ALEGRE,RS,Cluster C
NAGEM,SHOPPING UNIÃO DE OSASCO,,"AV DOS AUTONOMISTAS, 1400 ARCO 305 CEP: 06020-010 - VILA YARA OSASCO (SP)",,,,OSASCO,SP,Cluster B
MARTINELLO,SHOPPING VARZEA GRANDE,,"RUA FILINTO MULLER S/N, LOTE 01 A 15 QUADRA 02 LJ 208",,,,VARZEA GRANDE,MT,Cluster C
VOCE MOBILE COMERCIO,SHOPPING VIA SUL,,"AV WASHINGTON SOARES, 4335- QUIOSQQT-08 CEP:60833-005 BAIRRO SAPIRANGA FORTALEZA CE",,,,FORTALEZA,CE,Cluster C
ALLIED,SHOPPING VILA OLIMPIA,,"R DAS OLIMPIADAS, 360 - LOJAS USO COMERCIAL N 110 E 111 - CEP: 04551-000 - VILA OLIMPIA - SÃO PAULO (SP)",,,,SÃO PAULO,SP,Cluster B
AQUILON,SHOPPING VILLA LOBOS,,"AV. DAS NACOES UNIDAS, 4777 - LJ 359 - ALTO DE PINHEIROS - SÃO PAULO (SP) - CEP: 05477-000",,,,SÃO PAULO,SP,Cluster B
PROSPERUS,SHOPPING VITÓRIA,,"AV. AMÉRICO BUAIZ, 200 LOJA 604 - ENSEADA DO SUÁ VITÓRIA - ESPÍRITO SANTO CEP: 29050-902",,,,VITÓRIA,ES,Cluster A
CHIPCRED,SHOPPING WEST PLAZA,,"AV FRANCISCO MATARAZZO, S/N - ANEXO ARCO 1104 TERREO BLOCO A SETOR SHOPPING WEST PLAZA - CEP: 05003-900 - AGUA BRANCA - SÃO PAULO",,,,SÃO PAULO,SP,Cluster C
INFO STORE COMPUTADORES DA AMAZÔNIA,SUMAUMA PARK SHOPPING,,"AV. NOEL NUTEL Nº 1762 PISO ARARA, LOJAS 2077,2078).",,,,MANAUS,AM,Cluster C
MRF,TAGUATINGA SHOPPING,,Q QS 01 RUA 210 LOTE 40 SALAO COMERCIAL 3065 2 PAVIMENTO TAGUATINGA BRASILIA-DF,,,,BRASÍLIA,DF,Cluster A
B&F TELECOMUNICACOES,TAUBATÉ SHOPPING,,AVENIDA CHARLES SCHNNEIDER - QUIOSQUE 17,,,,TAUBATE,SP,Cluster C
VOCE MOBILE COMERCIO,TERESINA SHOPPING,,"AV RAUL LOPES, Nº 1000 - LOJA 238 TERESINA SHOPPING BAIRRO: NOIVOS TERESINA-PI CEP: 64046-902",,,,TERESINA,PI,Cluster B
MRF,TERRAÇO SHOPPING,,SHC /AO/S EA 2/8 LOTE 05 - LOJA 286 - 1º PAVIMENTO,,,,BRASÍLIA,DF,Cluster B
ARTE TELECOM,TIETE PLAZA SHOPPING,,"AV RAIMUNDO PEREIRA DE MAGALHAES, 1465, LOJA 1079 A PISO TERREO CEP: 05145-000, PIRITUBA, SAO PAULO (SP)",,,,SÃO PAULO,SP,Cluster C
ALLIED,TIJUCA SHOPPING,,"AV MARACANA, 987 - LOJA 17 E 18 - CEP: 20511-000 - TIJUCA - RIO DE JANEIRO (RJ)",,,,RIO DE JANEIRO,RJ,Cluster A
ARTE TELECOM,TIVOLI SHOPPING,,"AV. SANTA BARBARA, 777 - QUIOSQ: MIK 711;",,,,SANTA BARBARA D´OESTE,SP,Cluster C
ARTE TELECOM,TOP CENTER SHOPPING,,"AV. PAULISTA, 854 - BELA VISTA, SÃO PAULO/SP - PISO TÉRREO - PONTO Q03",,,,SÃO PAULO,SP,Cluster C
ALLIED,TOP SHOPPING,,"AV. GOV. ROBERTO SILVEIRA, 540 - CENTRO",,,,NOVA IGUAÇU,RJ,Cluster B
ALLIED,TOP SHOPPING NOVA IGUAÇU,,"AV GOVERNADOR ROBERTO SILVEIRA, 540 - PISO 1 (LOJA 134/135)",,,,NOVA IGUAÇU,RJ,Cluster B
MASTERCELL,TUBARAO,,"AV MARCOLINO MARTINS CABRAL, 2525- LOJA SUC 10 - FAROL SHOPPING",,,,TUBARÃO,SC,Cluster C
CS COMERCIO DE ELETRONICOS,UBERABA SHOPPING,,"AV SANTA BEATRIZ DA SILVA, 1501 : SUC 256; CEP: 38020-433 SAO BENEDITO UBERABA MG",,,,UBERABA,MG,Cluster C
ALLIED,VALE SUL SHOPPING,,"AV. ANDRÔMEDA, 227, SUC 206/207, JARDIM SATÉLITE CEP 12230-002",,,,SÃO JOSÉ DOS CAMPOS,SP,Cluster B
ALLIED,VIA BRASIL SHOPPING,,"R ITAPERA, 500 -(LUC) - 382 / 383 - IRAJA, RIO DE JANEIRO - RJ",,,,RIO DE JANEIRO,RJ,Cluster B
B&F TELECOMUNICACOES,VIA PARQUE SHOPPING,,AVENIDA AYRTON SENNA 3000 KSK 25,,,,RIO DE JANEIRO,RJ,Cluster C
B&F TELECOMUNICACOES,VIA VALE GARDEN,,"AVENIDA DOM PEDRO I, 7181 LOJA 20 - PISO L1 - VIA VALE GARDEN SHOPPING JARDIM BARONESA CEP 12091-000 TAUBATE",,,,TAUBATE,SP,Cluster B
INFO STORE COMPUTADORES DA AMAZÔNIA,VIA VERDE SHOPPING,,"EST DA FLORESTA, 2320 - LOJA 20/21/22 1 PISO DO VIA VERDE SHOPPING- CEP: 69912-900 - FLORESTA SUL- RIO BRANCO (AC)",,,,RIO BRANCO,AC,Cluster C
RASTRECALL,VOLTA REDONDA,,"RUA DOZE, 300 QUIOSQUE M209 - VILA SANTA CECÍLIA / VOLTA REDONDA - RJ CEP: 27260-315",,,,VOLTA REDONDA,RJ,Cluster C
ALLIED,WEST SHOPPING RIO DE JANEIRO,,"EST DO MENDANHA, 555 LOJA 182 E 183 CAMPO GRANDE RIO DE JANEIRO RJ",,,,RIO DE JANEIRO,RJ,Cluster B